0.49477116141732286	0.8792237584475168	0.7758366141732284	0.49477116141732286	0.738125	1.3844797178130512	1.8271496062992127	0.738125	0.9086636178861788	2.3733548387096786	2.3015873015873014	0.9086636178861788	0.5988558070866143	1.573749147498295	1.3074557086614176	0.5988558070866143	1.1266249999999998	3.68241370622323	6.170204724409448	1.1266249999999998	1.6759400406504066	9.802258064516131	9.357398873527906	1.6759400406504066	0.9786406427828407	0.9434967735695323	0.9531303628157681	0.9786406427828407	0.9596796054572672	0.8666994821228976	0.7760165262602775	0.9596796054572672	0.9398498514790466	0.641925237531583	0.6587654688168839	0.9398498514790466	panele
0.4765009842519683	0.7345774691549383	0.628998523622047	0.4765009842519683	0.7326875000000002	1.0336356764928198	1.3271181102362204	0.7326875000000002	0.9131732723577235	1.6381290322580644	1.6535458269329233	0.9131732723577235	0.5674212598425196	1.1083142166284328	0.8845349409448815	0.5674212598425196	1.1171875	2.0677752582514497	3.283149606299213	1.1171875	1.654153963414634	4.740709677419355	4.898297491039427	1.654153963414634	0.9867768396150803	0.9740433555679939	0.9792624339784509	0.9867768396150803	0.974016268620905	0.9513236454725946	0.9221380117211794	0.974016268620905	0.9616139145483935	0.8869883751644888	0.8831566984009139	0.9616139145483935	panele
0.6480068897637793	1.1755223510447024	1.004244586614173	0.6480068897637793	1.2015624999999994	1.8803854875283448	2.3499212598425205	1.2015624999999994	1.5869537601626014	3.0092903225806453	2.918458781362007	1.5869537601626014	0.9094488188976376	2.6740653481306964	2.050012303149605	0.9094488188976376	2.6678124999999993	6.375850340136054	9.661417322834648	2.6678124999999993	4.346100101626016	15.052774193548387	14.346518177163338	4.346100101626016	0.9782320467382188	0.9360834533528352	0.9510334988740748	0.9782320467382188	0.9360808468765962	0.8479525561686158	0.7704397774163462	0.9360808468765962	0.8957888262019602	0.6433383999000003	0.660214865961693	0.8957888262019602	panele
0.314222440944882	0.5050530101060201	0.4680118110236221	0.314222440944882	0.46799999999999997	0.7300327538422776	1.0634330708661421	0.46799999999999997	0.5666920731707314	1.2304516129032252	1.3452380952380953	0.5666920731707314	0.32652559055118113	0.6250852501705003	0.5693897637795277	0.32652559055118113	0.5288750000000001	1.1628873771730914	2.1815433070866144	0.5288750000000001	0.6949949186991866	2.840903225806451	3.2674091141833075	0.6949949186991866	0.9627454908826351	0.9280698654649754	0.9344204965446221	0.9627454908826351	0.9397291854130622	0.8653685717867008	0.7463604023575117	0.9397291854130622	0.9209550438156556	0.6694495972348192	0.6202732049065061	0.9209550438156556	panele
0.47988435039370086	0.6963233926467853	0.6004552165354332	0.47988435039370086	0.7376250000000001	0.9363189720332578	1.2426456692913388	0.7376250000000001	0.9152057926829269	1.435612903225806	1.54621095750128	0.9152057926829269	0.5730191929133859	1.0192200384400767	0.8268331692913387	0.5730191929133859	1.1098750000000002	1.7258125472411188	2.9155905511811024	1.1098750000000002	1.6227769308943092	3.7216774193548376	4.343830005120325	1.6227769308943092	0.980368097313218	0.964974148224573	0.9716140040437883	0.980368097313218	0.9619309101564452	0.9405077835175804	0.8993471624968482	0.9619309101564452	0.9443249007797618	0.871135379046752	0.8496903749217952	0.9443249007797618	panele
0.9593996062992127	1.6226672453344912	1.4792076771653546	0.9593996062992127	1.6988125000000003	2.5667674477198292	3.505322834645667	1.6988125000000003	2.1655233739837394	4.189032258064516	4.366359447004608	2.1655233739837394	1.765009842519685	4.77214954429909	4.086245078740157	1.765009842519685	4.988937499999997	11.082766439909301	19.563527559055117	4.988937499999997	7.855564024390243	27.209290322580646	29.254096262160775	7.855564024390243	0.9810241842246253	0.9484500178820908	0.9558108728816059	0.9810241842246253	0.946477479035948	0.8800960749168933	0.7883150048584208	0.946477479035948	0.9158573245790677	0.70689810167182	0.6844592168477562	0.9158573245790677	panele
0.32437253937007876	0.7149234298468596	0.6926673228346456	0.32437253937007876	0.5169374999999999	1.2101284958427814	1.7733543307086608	0.5169374999999999	0.6445630081300814	2.168967741935484	2.2629928315412187	0.6445630081300814	0.3526697834645669	1.2502325004650012	1.2375738188976375	0.3526697834645669	0.6623125000000002	3.275132275132274	6.7731653543307075	0.6623125000000002	0.9467733739837398	9.538129032258066	10.508768561187916	0.9467733739837398	0.9862956876529326	0.9515797026293342	0.9520453533133852	0.9862956876529326	0.9742895569914138	0.8736344123950788	0.7390294505873544	0.9742895569914138	0.9632720696514516	0.6328890516605155	0.5951092866978548	0.9632720696514516	panele
0.5420767716535436	1.196974393948788	1.1245693897637796	0.5420767716535436	1.0045000000000002	1.9768833459309645	2.6444724409448828	1.0045000000000002	1.3440040650406508	3.159354838709677	3.199820788530466	1.3440040650406508	0.6797490157480316	2.748589497178995	2.46253690944882	0.6797490157480316	1.856125	7.023872511967748	11.829102362204726	1.856125	3.1746697154471546	16.730580645161286	16.803891449052742	3.1746697154471546	0.9912268958439918	0.964670694833454	0.9683530448272583	0.9912268958439918	0.9760382727031177	0.9101385074635704	0.8495023858436596	0.9760382727031177	0.9590132991656711	0.7883608146719812	0.7874409026642861	0.9590132991656711	panele
0.34559547244094485	0.49897699795399597	0.4114173228346456	0.34559547244094485	0.5658749999999998	0.6795162509448223	0.7779527559055118	0.5658749999999998	0.6918191056910569	0.9567096774193549	0.9198028673835126	0.6918191056910569	0.375738188976378	0.6185132370264741	0.48216043307086615	0.375738188976378	0.7484999999999998	1.0388007054673722	1.3337952755905518	0.7484999999999998	1.056783536585366	1.9031612903225807	1.8090757808499747	1.056783536585366	0.9186727736205021	0.8661507282138269	0.8960656698187514	0.9186727736205021	0.8368025943481766	0.7745929093685364	0.7118898870241355	0.8368025943481766	0.7674074942905286	0.587446978840633	0.6088407826119555	0.7674074942905286	panele
0.8310162401574801	1.6198772397544794	1.551673228346456	0.8310162401574801	1.5116875000000003	2.6934996220710516	3.968062992125986	1.5116875000000003	2.031313516260162	4.705677419354837	5.078853046594983	2.031313516260162	1.387364665354331	4.963419926839852	4.737081692913385	1.387364665354331	4.043562500000001	13.141723356009072	27.293543307086615	4.043562500000001	7.075901930894309	37.30064516129032	43.14068100358425	7.075901930894309	0.9904718381475907	0.966061499678769	0.9675809734134934	0.9904718381475907	0.9722900615885585	0.9105733768152743	0.8147426611856948	0.9722900615885585	0.9516241055969398	0.7481605398365188	0.7085045579151203	0.9516241055969398	panele
1.0216535433070861	1.6159712319424637	1.4453740157480313	1.0216535433070861	1.9154375000000006	2.4753716301335347	3.305133858267716	1.9154375000000006	2.5590701219512195	3.988774193548386	4.08205325140809	2.5590701219512195	1.9876968503937003	4.600285200570401	3.7984744094488176	1.9876968503937003	6.356687499999999	10.420068027210887	17.854551181102366	6.356687499999999	11.140243902439021	25.36529032258064	26.622503840245773	11.140243902439021	0.969545029872252	0.929756351642554	0.9420114985340912	0.969545029872252	0.9025690956342676	0.8412828281204268	0.7291345485538815	0.9025690956342676	0.8293822770543666	0.6161905739976123	0.5972617375524778	0.8293822770543666	panele
0.7163508858267716	1.160146320292641	1.095964566929134	0.7163508858267716	1.3608125000000004	1.9055177626606201	2.691527559055119	1.3608125000000004	1.7467606707317078	3.19083870967742	3.3823604710701485	1.7467606707317078	1.0644069881889762	2.5800731601463203	2.3622047244094486	1.0644069881889762	3.3606875000000023	6.522801713277905	12.481385826771657	3.3606875000000023	5.310403963414634	17.09870967741935	18.78392217101895	5.310403963414634	0.9768345051817388	0.9439030020291828	0.9486356256097407	0.9768345051817388	0.9268945660865171	0.8582876989378067	0.7288894958101527	0.9268945660865171	0.8847009176711547	0.6288849915068839	0.5925623830184226	0.8847009176711547	panele
0.30105807086614167	0.44218488436976877	0.37832185039370075	0.30105807086614167	0.48949999999999994	0.6593600403124215	0.8371653543307086	0.48949999999999994	0.6097560975609757	1.0836774193548382	1.0587557603686637	0.6097560975609757	0.3204970472440945	0.5298530597061194	0.43380905511811024	0.3204970472440945	0.615125	0.9591836734693878	1.4350866141732286	0.615125	0.8653455284552847	2.1929677419354836	2.1548899129544297	0.8653455284552847	0.975438151112551	0.9593299386094322	0.9666811986046491	0.975438151112551	0.952926867182409	0.9263902653135498	0.8895704089683905	0.952926867182409	0.9338535668925608	0.8314532741981815	0.834109673486645	0.9338535668925608	panele
0.2704232283464567	0.34596069192138384	0.28869340551181105	0.2704232283464567	0.37931250000000005	0.4306500377928949	0.5467716535433071	0.37931250000000005	0.43807164634146334	0.5936774193548388	0.6485535074244752	0.43807164634146334	0.27718996062992135	0.36418872837745675	0.2980437992125985	0.27718996062992135	0.40406250000000005	0.4727261274880322	0.672755905511811	0.40406250000000005	0.485327743902439	0.7593548387096775	0.8744879672299027	0.485327743902439	0.9120063236680666	0.8831065094830816	0.9043483142228544	0.9120063236680666	0.8717727789842727	0.8465631295332898	0.7789318162691287	0.8717727789842727	0.8459829635295452	0.747222533545642	0.7088815700281087	0.8459829635295452	panele
0.3147760826771653	0.5276210552421106	0.46352116141732275	0.3147760826771653	0.5405625000000002	0.8396951373141847	1.1084724409448818	0.5405625000000002	0.6872459349593495	1.4313548387096777	1.402777777777778	0.6872459349593495	0.3366756889763779	0.7115134230268461	0.6121432086614172	0.3366756889763779	0.7020625	1.5450365331317708	2.550110236220472	0.7020625	1.0198170731707317	3.9289032258064522	3.847606246799796	1.0198170731707317	0.9652227865991007	0.9266964831405273	0.9370162213329642	0.9652227865991007	0.9274491059659369	0.8412426442623618	0.739310706733182	0.9274491059659369	0.8946561767795208	0.59982506954537	0.6081824304875302	0.8946561767795208	panele
0.359621062992126	0.5172050344100688	0.4574926181102363	0.359621062992126	0.5266874999999999	0.7001763668430335	0.9398425196850395	0.5266874999999999	0.6215701219512195	1.0919354838709676	1.1626984126984126	0.6215701219512195	0.3847194881889764	0.6276892553785107	0.5361097440944882	0.3847194881889764	0.6270625	1.0049130763416478	1.6584566929133862	0.6270625	0.8004319105691057	2.1216129032258064	2.3841525857654893	0.8004319105691057	0.948149975179876	0.9152935164697269	0.9276888543446354	0.948149975179876	0.9153847495715774	0.864012026735733	0.7752486319369487	0.9153847495715774	0.8919758694495343	0.7111783774056236	0.675862989602473	0.8919758694495343	panele
0.2696235236220472	0.44100688201376403	0.41203248031496054	0.2696235236220472	0.42293749999999997	0.6497228521038048	0.9528188976377953	0.42293749999999997	0.5383638211382114	1.109741935483871	1.2132616487455197	0.5383638211382114	0.2778666338582677	0.5426870853741708	0.5108267716535433	0.2778666338582677	0.48443749999999997	1.059397833207357	2.1428661417322834	0.48443749999999997	0.6814024390243901	2.805612903225806	3.332821300563236	0.6814024390243901	0.9749531401338895	0.9513337430290475	0.954083522565716	0.9749531401338895	0.9565194007415356	0.9056825596233994	0.8096661946580942	0.9565194007415356	0.9391374122402664	0.752984558166244	0.7059216204897547	0.9391374122402664	panele
0.48480561023622065	0.7973215946431891	0.5473671259842521	0.48480561023622065	0.9786250000000001	1.3297430083144364	1.4868661417322837	0.9786250000000001	1.4413744918699183	2.2520645161290322	2.038274449564772	1.4413744918699183	11.038447342519687	20.98394196788393	10.284325787401578	11.038447342519687	32.734625	41.83440413202316	41.68377952755907	32.734625	54.905170223577215	74.5332258064516	62.79019457245265	54.905170223577215	0.9897716350546101	0.9805596411133234	0.9904720456910328	0.9897716350546101	0.9696720960266983	0.961263847369411	0.9614229918536396	0.9696720960266983	0.9491388428568628	0.9311471193322103	0.9419505470339317	0.9491388428568628	panele
0.6614788385826769	1.3199206398412797	1.2883858267716537	0.6614788385826769	1.2574375000000004	2.2716679264298314	3.3269291338582674	1.2574375000000004	1.5879700203252036	3.9734838709677414	4.155977982590886	1.5879700203252036	0.9613065944881886	3.3912207824415646	3.2787893700787407	0.9613065944881886	2.998062500000001	9.340073066263543	19.05870866141732	2.998062500000001	4.634336890243903	26.14367741935484	28.760944700460826	4.634336890243903	0.9861401454599339	0.9511061739266963	0.9527998126123935	0.9861401454599339	0.9566198487064156	0.8651046460634537	0.7253841762970744	0.9566198487064156	0.9326950354002314	0.6221661845486741	0.5852450101859275	0.9326950354002314	panele
0.5883981299212597	0.8567797135594271	0.7520300196850392	0.5883981299212597	0.9715625	1.2367724867724865	1.6290393700787404	0.9715625	1.2212906504065044	1.9500645161290326	2.0264336917562726	1.2212906504065044	0.7824187992125984	1.4967449934899872	1.2339443897637794	0.7824187992125984	1.8190625000000002	3.01278659611993	5.116913385826773	1.8190625000000002	2.777184959349594	7.0203870967741935	7.614503328213006	2.777184959349594	0.9734891133391446	0.9490355212516088	0.9581057234527642	0.9734891133391446	0.9380682295092693	0.8967165206288603	0.8245758730116051	0.9380682295092693	0.9050308204720507	0.7575871579171063	0.7376839809591763	0.9050308204720507	panele
0.4039739173228347	0.814309628619257	0.706569881889764	0.4039739173228347	0.7282500000000002	1.3886369362559838	1.7797165354330708	0.7282500000000002	0.9331808943089427	2.3628387096774195	2.2357270865335384	0.9331808943089427	0.4745939960629922	1.502139004278008	1.2212106299212602	0.4745939960629922	1.160125	3.983245149911816	6.396157480314962	1.160125	1.7468241869918697	10.422838709677421	9.654185867895546	1.7468241869918697	0.9813818475248911	0.9413603801294627	0.9523055437101764	0.9813818475248911	0.9545186996830572	0.8451784760018075	0.7521375919764048	0.9545186996830572	0.9315774272279966	0.5971236158431907	0.6267316022140924	0.9315774272279966	panele
0.5287893700787399	0.8599417198834399	0.727423720472441	0.5287893700787399	0.905875	1.3186570924666163	1.593448818897638	0.905875	1.1699695121951224	2.085870967741936	1.9767665130568353	1.1699695121951224	0.6776574803149604	1.5812511625023253	1.2336983267716537	0.6776574803149604	1.6308750000000003	3.531809019904259	5.213984251968503	1.6308750000000003	2.6455792682926838	8.53593548387097	7.7562083973374305	2.6455792682926838	0.9828269116850453	0.9598621795430551	0.9687762028877955	0.9828269116850453	0.9584446617467774	0.909778000734468	0.8666639374762776	0.9584446617467774	0.9322815250800379	0.7791423226753397	0.7999743759278437	0.9322815250800379	panele
0.6302288385826771	1.1181722363444726	1.047244094488189	0.6302288385826771	1.0685	1.7993197278911566	2.6097007874015747	1.0685	1.3884019308943094	3.1684516129032247	3.3808243727598564	1.3884019308943094	0.863988681102362	2.433566867133734	2.235851377952757	0.863988681102362	2.1431250000000004	5.966112370874277	12.306330708661424	2.1431250000000004	3.448869410569106	17.411935483870966	19.84933435739887	3.448869410569106	0.9897674319659971	0.971265163155584	0.9735674464484347	0.9897674319659971	0.9746963944951827	0.9298609660659295	0.8553749191297709	0.9746963944951827	0.9593708489759526	0.7958967364702665	0.7670913743298174	0.9593708489759526	panele
0.5113804133858266	1.0090520181040366	0.8878567913385826	0.5113804133858266	0.8400624999999998	1.6528722600151176	2.085858267716535	0.8400624999999998	1.0670731707317074	2.8136774193548395	2.615271377368152	1.0670731707317074	0.6281373031496061	2.0810341620683244	1.6896530511811017	0.6281373031496061	1.4149375	5.264613252708492	8.057007874015747	1.4149375	2.140752032520325	13.738967741935486	12.071364567332308	2.140752032520325	0.9832032762220788	0.944398202600635	0.9548299865039522	0.9832032762220788	0.9622123804158045	0.8594837069246671	0.7849205404709734	0.9622123804158045	0.9429084693030931	0.634012510683178	0.6781336713841545	0.9429084693030931	panele
0.2289616141732283	0.5041230082460164	0.4437746062992126	0.2289616141732283	0.39075	0.8486394557823131	1.0529133858267716	0.39075	0.5078125	1.4464516129032259	1.3109959037378391	0.5078125	0.23560531496062986	0.7622915245830492	0.6418553149606299	0.23560531496062986	0.44812500000000005	1.96806500377929	2.9613228346456695	0.44812500000000005	0.6587271341463415	5.279483870967741	4.402905785970302	0.6587271341463415	0.9845329369418135	0.949644135336946	0.9576802750153531	0.9845329369418135	0.970490811136201	0.8691409298500667	0.8025393771390239	0.970490811136201	0.9565407064696404	0.6460275133244325	0.704839291476786	0.9565407064696404	panele
0.2301919291338583	0.42705685411370825	0.38656496062992135	0.2301919291338583	0.36443749999999997	0.6783824640967501	0.9088503937007872	0.36443749999999997	0.4665904471544715	1.1660645161290326	1.1546979006656428	0.4665904471544715	0.2367125984251969	0.528985057970116	0.471087598425197	0.2367125984251969	0.39956250000000004	1.1409674981103552	1.9492283464566929	0.39956250000000004	0.5589430894308943	2.9441290322580644	2.965373783922171	0.5589430894308943	0.9737845590830173	0.9413053945852538	0.9476281776891016	0.9737845590830173	0.955932779212258	0.8737153796109762	0.7841799370396211	0.955932779212258	0.938592867820297	0.6764101794293012	0.6733358330010856	0.938592867820297	panele
0.735974409448819	1.2274784549569098	1.0931348425196852	0.735974409448819	1.2950000000000002	1.9344923154446962	2.591055118110236	1.2950000000000002	1.7093495934959346	3.2816129032258066	3.3076676907322065	1.7093495934959346	1.1278297244094488	2.812077624155248	2.3564222440944875	1.1278297244094488	3.0717500000000015	6.637188208616778	11.840692913385828	3.0717500000000015	5.076346544715446	18.04664516129033	18.734318996415777	5.076346544715446	0.9850014462206359	0.9626531595669415	0.9687192773418266	0.9850014462206359	0.9590613959742199	0.9119689106250873	0.8435507138377341	0.9590613959742199	0.9321378771529519	0.761655473703791	0.7528996359379223	0.9321378771529519	panele
0.2751599409448819	0.4471448942897886	0.3987450787401576	0.2751599409448819	0.4059999999999999	0.658289241622575	0.9167874015748032	0.4059999999999999	0.4876778455284553	1.0973548387096774	1.1597542242703531	0.4876778455284553	0.28758612204724404	0.5422530845061689	0.469734251968504	0.28758612204724404	0.470375	1.0096371882086168	1.729511811023622	0.470375	0.635035569105691	2.419806451612903	2.576036866359447	0.635035569105691	0.9545240048429561	0.9141529213558922	0.9256559358871641	0.9545240048429561	0.9255786753961185	0.8399906146454005	0.7262660571359077	0.9255786753961185	0.8994868819716022	0.6184575071199501	0.593430359074566	0.8994868819716022	panele
0.08858267716535433	0.5682931365862731	0.5469980314960631	0.08858267716535433	0.13375	1.0570672713529854	1.5431811023622048	0.13375	0.16253810975609753	2.0284516129032255	2.036162314388121	0.16253810975609753	0.1289370078740157	25.354950709901416	25.288754921259848	0.1289370078740157	0.24812500000000004	51.10430839002266	77.15325984251967	0.24812500000000004	0.35778709349593496	103.74470967741934	103.74494367639528	0.35778709349593496	0.9998103335669525	0.9618938330649606	0.9619935881773477	0.9998103335669525	0.9996350383617219	0.9215786401687888	0.8791255620800348	0.9996350383617219	0.9994736642493786	0.8339319129130269	0.8339884828592751	0.9994736642493786	panele
0.5570250984251969	1.026846053692107	0.9635211614173229	0.5570250984251969	0.9780625	1.6875787351977827	2.447307086614174	0.9780625	1.2872840447154474	2.958064516129032	3.1598182283666154	1.2872840447154474	0.7084768700787399	2.011532023064045	1.83347687007874	0.7084768700787399	1.7968125000000001	5.071554547745024	10.15653543307087	1.7968125000000001	2.9558561991869916	14.513419354838712	16.327380952380953	2.9558561991869916	0.9844840414109669	0.9559706533828831	0.9598523518033618	0.9844840414109669	0.9606728221446309	0.8890169861390199	0.7775731266952586	0.9606728221446309	0.9353130737463611	0.6824955186258138	0.6422598193519697	0.9353130737463611	panele
0.38515009842519693	0.6252092504185008	0.5063976377952757	0.38515009842519693	0.6405625	0.9570420760896948	1.0791181102362202	0.6405625	0.8085619918699188	1.5297419354838713	1.3310931899641576	0.8085619918699188	0.4358390748031497	0.9059458118916237	0.6654773622047245	0.4358390748031497	0.9173124999999999	1.9294532627865961	2.378393700787401	0.9173124999999999	1.3441310975609757	4.468451612903227	3.4432283666154633	1.3441310975609757	0.9771060196396918	0.9518226109636564	0.9647426460258515	0.9771060196396918	0.9515344685978796	0.8956255103335936	0.8700431515269207	0.9515344685978796	0.9287217960957547	0.7507682825087671	0.8084993862858089	0.9287217960957547	panele
0.5815698818897638	1.1625643251286508	1.0252214566929136	0.5815698818897638	0.9976250000000001	1.9176744771982872	2.417259842519685	0.9976250000000001	1.2855055894308944	3.1872258064516124	2.992767537122376	1.2855055894308944	0.7658710629921258	2.6633393266786545	2.1820866141732287	0.7658710629921258	1.918625	6.823822121441171	10.419149606299214	1.918625	3.0532901422764223	17.121032258064517	15.287826420890934	3.0532901422764223	0.9842535238823006	0.9454984723170295	0.9552617315457954	0.9842535238823006	0.9606810951332817	0.8611188720932265	0.7881000934272376	0.9606810951332817	0.9376687572252974	0.6536304449196243	0.6903333314139772	0.9376687572252974	panele
0.5147022637795277	1.040300080600161	0.9573695866141733	0.5147022637795277	1.0246250000000001	1.793839758125472	2.4654488188976376	1.0246250000000001	1.3567708333333333	3.0830967741935478	3.1185355862775226	1.3567708333333333	0.6654158464566929	2.2838985677971357	2.0208538385826773	0.6654158464566929	2.12725	6.207671957671955	11.070299212598426	2.12725	3.4446773373983737	16.308387096774194	16.618023553507427	3.4446773373983737	0.9778665314750412	0.9241801835007467	0.9327961477187967	0.9778665314750412	0.9295557689457006	0.7948563253692661	0.6339624815560246	0.9295557689457006	0.88646104178174	0.4632204903647612	0.45212233083616166	0.88646104178174	panele
0.6354576771653542	1.078306156612313	0.9291953740157479	0.6354576771653542	1.0598749999999997	1.6863819601914833	2.1193070866141737	1.0598749999999997	1.304560467479675	2.792709677419355	2.6842677931387606	1.304560467479675	0.8741387795275589	2.20993241986484	1.7340674212598426	0.8741387795275589	2.081375	5.094797178130511	7.870110236220475	2.081375	3.027502540650407	13.108838709677425	12.168266769073218	3.027502540650407	0.9834898530808606	0.9581126105328095	0.9671708520615455	0.9834898530808606	0.9605797564877373	0.9030029017445432	0.8498188414251338	0.9605797564877373	0.9425136313193861	0.7482651982802483	0.7665743382942553	0.9425136313193861	panele
0.6194635826771653	1.0171740343480682	0.8716781496062991	0.6194635826771653	1.0863125000000005	1.5499496094734193	1.9446929133858266	1.0863125000000005	1.3662982723577237	2.3888387096774193	2.4183307731694823	1.3662982723577237	0.8596210629921262	2.0492280984561955	1.60199311023622	0.8596210629921262	2.3294375000000014	4.495653817082389	6.951433070866139	2.3294375000000014	3.5311864837398375	10.058774193548384	10.362391193036354	3.5311864837398375	0.9818928709112857	0.9568362711464413	0.9662696045239435	0.9818928709112857	0.9509062833312221	0.905320573167022	0.8538491964949665	0.9509062833312221	0.925647444523972	0.7883636516275077	0.7822465212613886	0.925647444523972	panele
0.3986220472440944	0.7255874511749024	0.6125123031496065	0.3986220472440944	0.6621874999999999	1.1684303350970013	1.4272755905511811	0.6621874999999999	0.8363821138211381	1.930451612903226	1.7907706093189963	0.8363821138211381	0.4741633858267716	1.3290966581933161	1.0631766732283463	0.4741633858267716	1.0145625	3.293650793650793	5.037102362204724	1.0145625	1.4913617886178863	8.52916129032258	7.6326804915514606	1.4913617886178863	0.9808510860593572	0.9465359329314056	0.957337137547302	0.9808510860593572	0.9588643275270097	0.8677957426147948	0.7992069072983963	0.9588643275270097	0.9393347223600738	0.6605331598486939	0.6967501642377428	0.9393347223600738	panele
0.6932824803149606	1.2620125240250482	1.1391486220472444	0.6932824803149606	1.10375	2.0187704711514245	2.656251968503937	1.10375	1.341463414634146	3.321354838709677	3.272849462365592	1.341463414634146	1.0070127952755903	3.0731601463202924	2.6245078740157486	1.0070127952755903	2.2542499999999994	7.518014613252706	12.824314960629922	2.2542499999999994	3.18165650406504	19.397483870967733	19.14279313876088	3.18165650406504	0.9864227062970785	0.9587176886738339	0.9647520755776247	0.9864227062970785	0.9695911854213342	0.8991326843172212	0.8278174377347332	0.9695911854213342	0.9570738495276848	0.7387362942166223	0.7422410456375549	0.9570738495276848	panele
0.4303641732283464	0.9649699299398601	0.9325787401574805	0.4303641732283464	0.7700624999999999	1.6260393046107333	2.4058582677165354	0.7700624999999999	1.0224847560975607	2.872645161290322	3.0963901689708146	1.0224847560975607	0.5087352362204723	2.0275280550561106	1.97244094488189	0.5087352362204723	1.2493124999999998	5.428004535147393	11.10607874015748	1.2493124999999998	2.0311229674796745	15.132	17.323860727086537	2.0311229674796745	0.9858426666810239	0.9436153536175738	0.9450817765462821	0.9858426666810239	0.9652859899109938	0.8493249907150607	0.691875027226917	0.9652859899109938	0.9436247284522626	0.5815122628115629	0.520728662052532	0.9436247284522626	panele
0.3679256889763779	0.5997891995783992	0.49821604330708674	0.3679256889763779	0.650875	0.9508062484252963	1.1280000000000001	0.650875	0.8436229674796748	1.554451612903226	1.4235151049667178	0.8436229674796748	0.41615403543307083	0.8604377208754418	0.6556963582677166	0.41615403543307083	0.9663750000000001	1.914273116654069	2.6260787401574808	0.9663750000000001	1.4725609756097562	4.595612903225806	3.893689196108551	1.4725609756097562	0.9776177952852505	0.9536213265721034	0.964693116132463	0.9776177952852505	0.9478896961496107	0.8964438657036112	0.8577873659012104	0.9478896961496107	0.9204096007116499	0.7495595342787781	0.7881485151578902	0.9204096007116499	panele
1.198695866141732	1.672763345526691	1.0804010826771653	1.198695866141732	2.5585625000000003	2.752708490803729	2.8178267716535434	2.5585625000000003	3.728849085365855	4.313161290322581	3.781362007168458	3.728849085365855	21.818405511811022	23.889267778535554	2.6211245078740144	21.818405511811022	65.76993750000003	49.20042831947594	32.63451968503937	65.76993750000003	110.77521595528455	82.08941935483872	59.262288786482344	110.77521595528455	0.9646558279432705	0.9612925189067648	0.9958292266258602	0.9646558279432705	0.8892597964194459	0.9187307403782699	0.9470855217980904	0.8892597964194459	0.8053995038997942	0.8615909751802393	0.9020419243945004	0.8053995038997942	panele
0.7558439960629924	0.9861739723479447	0.7972440944881891	0.7558439960629924	1.2901875000000005	1.3400100781053166	1.3673700787401575	1.2901875000000005	1.7464430894308944	2.000258064516129	1.657386072708654	1.7464430894308944	1.1265378937007877	1.7599355198710398	1.2194881889763782	1.1265378937007877	3.0119375	3.184051398337113	3.273385826771654	3.0119375	5.442835365853659	6.697548387096772	4.814324116743472	5.442835365853659	0.9772520484571092	0.9645645132998275	0.9753846177311273	0.9772520484571092	0.9394798133519175	0.9362606307217595	0.9345584478392713	0.9394798133519175	0.891147024784392	0.8671565773498388	0.9043231145924456	0.891147024784392	tynk
0.7165354330708662	0.9368218736437474	0.7385580708661419	0.7165354330708662	1.1724375000000002	1.2500629881582261	1.225385826771654	1.1724375000000002	1.5399517276422767	1.8306451612903225	1.4283794162826422	1.5399517276422767	1.0263287401574805	1.6201872403744808	1.0920275590551183	1.0263287401574805	2.4700625000000005	2.795666414714034	2.676472440944882	2.4700625000000005	4.179306402439025	5.705999999999998	3.6105350742447513	4.179306402439025	0.9689932240925399	0.9511027913989822	0.9671393834217273	0.9689932240925399	0.9248863976448086	0.9154389786688353	0.9193644840760241	0.9248863976448086	0.8719122161593118	0.8271490494400514	0.8909806190546732	0.8719122161593118	tynk
1.053334153543307	1.4307768615537229	1.0944881889763778	1.053334153543307	1.8571250000000004	2.074829931972789	1.9759999999999998	1.8571250000000004	2.5529725609756095	3.0699354838709674	2.3165642601126475	2.5529725609756095	2.0022760826771657	3.553909107818216	2.1628937007874014	2.0022760826771657	5.932250000000002	7.509826152683294	6.611086614173227	5.932250000000002	11.142911585365848	16.033032258064512	9.177419354838708	11.142911585365848	0.9750827742013248	0.9555580364940349	0.9729644013337154	0.9750827742013248	0.9260078875522876	0.9055230598344404	0.9165068425106798	0.9260078875522876	0.8603976635316855	0.7957601345708397	0.8834066756244296	0.8603976635316855	tynk
1.0007997047244095	1.4025048050096103	1.0763410433070866	1.0007997047244095	1.9473750000000007	2.1905391786344173	2.155716535433072	1.9473750000000007	2.815866361788618	3.450064516129032	2.6398489503328215	2.815866361788618	1.8692790354330706	3.5624651249302497	2.2622416338582685	1.8692790354330706	6.574875000000001	8.459246661627613	9.1448188976378	6.574875000000001	13.45738058943089	20.568258064516122	14.05190732206861	13.45738058943089	0.98734474169686	0.9759338128969528	0.9846920763360105	0.98734474169686	0.9556831451928324	0.9430862407103251	0.9384674200585937	0.9556831451928324	0.9097715342221329	0.8623718047561733	0.905781693410838	0.9097715342221329	tynk
0.7386195866141732	0.986483972967946	0.7488927165354331	0.7386195866141732	1.2793125	1.4120685311161503	1.3074015748031496	1.2793125	1.754001524390244	2.111806451612904	1.5387224782386073	1.754001524390244	1.073511318897638	1.7865335730671463	1.1065452755905512	1.073511318897638	2.9319375	3.5393046107331827	2.9361259842519685	2.9319375	5.475546239837398	7.693483870967744	4.00979262672811	5.475546239837398	0.9699709493544678	0.950082144263131	0.9691139111617195	0.9699709493544678	0.9178900313455065	0.9010264295063608	0.9179901015653817	0.9178900313455065	0.8469719694986076	0.7846097090646058	0.8879368402505493	0.8469719694986076	tynk
0.8849040354330707	1.3059706119412242	0.9746555118110232	0.8849040354330707	1.8482500000000006	2.1146384479717812	1.9821102362204728	1.8482500000000006	2.7360264227642275	3.290516129032258	2.4439964157706093	2.7360264227642275	1.5548105314960627	3.2073904147808303	1.8511318897637787	1.5548105314960627	6.351500000000001	8.240614764424285	7.193574803149608	6.351500000000001	13.667174796747966	19.4238064516129	10.764656938044036	13.667174796747966	0.9880315259459479	0.9753537971190795	0.9857900432519553	0.9880315259459479	0.9509972914767764	0.9367084943557376	0.9448692706790559	0.9509972914767764	0.8943280350213673	0.85097200286824	0.9174936879596131	0.8943280350213673	tynk
0.7003567913385825	1.036952073904148	0.8142839566929133	0.7003567913385825	1.2852500000000002	1.5801209372637943	1.605984251968504	1.2852500000000002	1.8042428861788622	2.4516774193548394	1.928571428571429	1.8042428861788622	1.0091658464566926	2.0057660115320233	1.3275713582677164	1.0091658464566926	2.931749999999999	4.428949357520787	4.685543307086612	2.931749999999999	5.66209349593496	10.158	6.665386584741426	5.66209349593496	0.9841056438120805	0.9685378663515879	0.9791529718506502	0.9841056438120805	0.953951213028394	0.9309361736178463	0.92712017485463	0.953951213028394	0.911372489382693	0.843152129476746	0.8968709835175828	0.911372489382693	tynk
0.923905019685039	1.2440944881889766	0.9870201771653541	0.923905019685039	1.4455625000000005	1.674603174603175	1.6043464566929135	1.4455625000000005	1.8210111788617886	2.3477419354838713	1.7904505888376852	1.8210111788617886	1.581631397637795	2.7108934217868437	1.7902928149606299	1.581631397637795	3.6154375000000005	4.94608213655833	4.4013228346456685	3.6154375000000005	5.795350609756097	9.817806451612904	5.499615975422427	5.795350609756097	0.9489451836231995	0.912620935553745	0.942506789865965	0.9489451836231995	0.8824874527229581	0.8402993899680904	0.8587138462099856	0.8824874527229581	0.8106845136887529	0.6836147933293029	0.8232693077033666	0.8106845136887529	tynk
0.7565821850393701	1.004712009424019	0.7747908464566927	0.7565821850393701	1.3041249999999998	1.4204459561602418	1.3667401574803146	1.3041249999999998	1.8090701219512195	2.106967741935484	1.6198156682027651	1.8090701219512195	1.1218626968503937	1.7943455886911772	1.1656619094488185	1.1218626968503937	2.959375000000001	3.3982741244646015	3.1761259842519687	2.959375000000001	5.435975609756095	7.271999999999999	4.4362519201228885	5.435975609756095	0.9606731950110252	0.9370156022912625	0.9590525591170485	0.9606731950110252	0.8964415755016086	0.8806931891853075	0.8882500538162136	0.8964415755016086	0.8103168080738653	0.7443217801971306	0.8439944573430965	0.8103168080738653	tynk
0.7979207677165356	1.0755781511563023	0.7881397637795274	0.7979207677165356	1.4845624999999998	1.5954270597127742	1.372535433070866	1.4845624999999998	2.12207825203252	2.3872903225806454	1.6341525857654884	2.12207825203252	1.219303641732284	2.0709281418562835	1.1972194881889764	1.219303641732284	3.7824374999999995	4.368543713781809	3.203212598425197	3.7824374999999995	7.559578252032521	9.706774193548389	4.476958525345621	7.559578252032521	0.9750331603157923	0.957605644843419	0.9754478143301455	0.9750331603157923	0.9227964857465071	0.9106817900687856	0.934361319639303	0.9227964857465071	0.8461144409574092	0.8014671691236686	0.9082503445527266	0.8461144409574092	tynk
0.7734990157480317	1.0835761671523343	0.8184670275590552	0.7734990157480317	1.4115000000000004	1.6270471151423531	1.5167874015748033	1.4115000000000004	1.9864710365853653	2.505096774193549	1.7978750640040961	1.9864710365853653	1.1836860236220477	2.173786347572695	1.3338459645669294	1.1836860236220477	3.5759999999999996	4.907596371882086	4.357732283464567	3.5759999999999996	7.004763719512193	11.703290322580647	6.238863287250383	7.004763719512193	0.9768707054367868	0.9574666857715066	0.9739195492144795	0.9768707054367868	0.9301490875529229	0.9038445639953808	0.9145476310433102	0.9301490875529229	0.8632939505502581	0.7701954049064519	0.8775221436525218	0.8632939505502581	tynk
1.0270669291338586	1.4964349928699854	1.0597317913385824	1.0270669291338586	2.0558750000000003	2.415154950869237	1.950740157480315	2.0558750000000003	3.032647357723577	3.8493548387096768	2.3105478750640045	3.032647357723577	1.96628937007874	3.9835079670159343	2.0904896653543306	1.96628937007874	7.5055	10.047556059460826	6.844724409448821	7.5055	16.075076219512198	24.81825806451613	9.672299027137738	16.075076219512198	0.9846185987516165	0.9688063363843439	0.9835721509992654	0.9846185987516165	0.9416816317363613	0.9215430214078846	0.9463220466608251	0.9416816317363613	0.8759187393932152	0.8068506823844991	0.9243978749788551	0.8759187393932152	tynk
0.7735605314960627	1.0748961497923	0.8281865157480314	0.7735605314960627	1.5003750000000002	1.620307382212144	1.5492913385826772	1.5003750000000002	2.1829268292682937	2.5107741935483863	1.9084101382488476	2.1829268292682937	1.1675073818897634	2.116250232500466	1.3306471456692912	1.1675073818897634	3.949125	4.712270093222474	4.3612598425196865	3.949125	8.222433943089435	10.977870967741936	6.598118279569891	8.222433943089435	0.9902398879226522	0.9823596605271898	0.9888607687334222	0.9902398879226522	0.9672868188939305	0.9610024198117003	0.9638378932110443	0.9672868188939305	0.9325569650775332	0.9100927971129491	0.9456953408426209	0.9325569650775332	tynk
0.9609990157480314	1.4034348068696134	1.0314960629921262	0.9609990157480314	1.9039374999999998	2.2439531368102807	1.9007244094488187	1.9039374999999998	2.756034044715447	3.5698709677419354	2.283538146441373	2.756034044715447	1.7557824803149609	3.531279062558125	1.9955708661417328	1.7557824803149609	6.4355625	8.749244142101286	6.605228346456692	6.4355625	13.355119410569108	21.464064516129028	9.53699436763953	13.355119410569108	0.9863461251992304	0.972555273773637	0.9844944714915608	0.9863461251992304	0.9499211068417691	0.9320269715447962	0.9487558848177924	0.9499211068417691	0.8959388985036149	0.8335008355169555	0.9261104128470422	0.8959388985036149	tynk
1.0428149606299213	1.4392708785417567	1.0570250984251972	1.0428149606299213	1.9648750000000001	2.1855001259763176	1.8219842519685043	1.9648750000000001	2.793381605691058	3.3106451612903225	2.1237199180747575	2.793381605691058	1.9692421259842527	3.628247256494512	2.0183932086614176	1.9692421259842527	6.541875000000002	8.178697404887883	5.643338582677167	6.541875000000002	13.000825711382118	18.466645161290316	7.567012288786484	13.000825711382118	0.9798880382389468	0.9629886839696852	0.9795355467687974	0.9798880382389468	0.9323844950087387	0.916220310245855	0.9426023630431206	0.9323844950087387	0.8640153378891862	0.8102023023006775	0.9226812874309058	0.8640153378891862	tynk
0.9280265748031494	1.2824105648211295	0.9594611220472441	0.9280265748031494	1.7643125000000002	1.9502393550012596	1.8005039370078744	1.7643125000000002	2.5673907520325203	3.0334838709677427	2.1595622119815676	2.5673907520325203	1.6309055118110236	2.9528179056358117	1.7738065944881891	1.6309055118110236	5.597312500000001	6.83219954648526	6.086740157480316	5.597312500000001	11.78296493902439	16.381612903225815	9.076356886840758	11.78296493902439	0.9862975668788413	0.9752239731355244	0.9850688419716089	0.9862975668788413	0.9532625085249765	0.9429639678222659	0.9491600755154256	0.9532625085249765	0.9022720674848842	0.8643872619148844	0.9246196024400871	0.9022720674848842	tynk
0.8201894685039369	1.2457684915369835	0.9015748031496063	0.8201894685039369	1.6775000000000002	2.0475560594608218	1.8825196850393704	1.6775000000000002	2.482151930894309	3.33658064516129	2.2950588837685615	2.482151930894309	1.3235113188976373	2.9124558249116514	1.6497293307086611	1.3235113188976373	5.1613750000000005	7.754409171075843	6.824251968503937	5.1613750000000005	11.286521849593498	20.34638709677419	10.204941116231439	11.286521849593498	0.9873911578517999	0.9721905912120828	0.9842352069839901	0.9873911578517999	0.9508772928000312	0.9258533234096263	0.9345772776987892	0.9508772928000312	0.8926911031313283	0.8051364193785666	0.9020604454912713	0.8926911031313283	tynk
1.0854453740157481	1.479260958521917	1.1733513779527558	1.0854453740157481	1.8538750000000002	2.0942932728647023	2.1593070866141733	1.8538750000000002	2.518864329268293	3.1972258064516117	2.6305683563748072	2.518864329268293	2.099717027559055	3.7013454026908064	2.471579724409448	2.099717027559055	5.807625000000001	7.331632653061225	7.9416062992126	5.807625000000001	10.671049288617882	16.621741935483865	11.705453149001539	10.671049288617882	0.9863910468882053	0.9760398787799774	0.9840448165959826	0.9863910468882053	0.9621746979584367	0.9524640410542347	0.9487064667260365	0.9621746979584367	0.9301724843239612	0.8921364516128621	0.9242565550480863	0.9301724843239612	tynk
0.8500246062992128	1.1723603447206894	0.861774114173228	0.8500246062992128	1.6472500000000008	1.8265936004031238	1.5581732283464567	1.6472500000000008	2.4042809959349585	2.81025806451613	1.853750640040963	2.4042809959349585	1.4199064960629924	2.523095046190093	1.4346087598425192	1.4199064960629924	4.9182500000000005	5.7642353237591335	4.332850393700787	4.9182500000000005	10.269499491869917	13.400709677419352	6.222030209933437	10.269499491869917	0.9841951559441736	0.9718939461166275	0.9840002584006909	0.9841951559441736	0.9453654120215053	0.9357962022009717	0.951687564380638	0.9453654120215053	0.8861210923389145	0.8504899925277704	0.9306821502385924	0.8861210923389145	tynk
0.7177042322834648	0.9939859879719758	0.7539985236220471	0.7177042322834648	1.3163125000000002	1.4831191735953646	1.4535433070866142	1.3163125000000002	1.8969766260162606	2.294451612903226	1.761520737327189	1.8969766260162606	1.0730191929133859	1.917663835327671	1.1833784448818896	1.0730191929133859	3.2560625	4.176366843033512	3.9322834645669293	3.2560625	6.6469766260162615	9.845806451612903	5.753072196620585	6.6469766260162615	0.9847742037131285	0.9727320976282934	0.9832090626041597	0.9847742037131285	0.9535877422043598	0.9402835834647555	0.9437168741276106	0.9535877422043598	0.9049407750167635	0.857639661334803	0.9170333663531484	0.9049407750167635	tynk
0.9789616141732284	1.2501705003410009	1.005720964566929	0.9789616141732284	1.4192500000000001	1.579050138573948	1.6675275590551177	1.4192500000000001	1.7047764227642281	2.157870967741935	1.8958653353814643	1.7047764227642281	1.7394192913385826	2.7019654039308088	1.8633735236220474	1.7394192913385826	3.4258750000000004	4.3410808767951625	4.849259842519684	3.4258750000000004	5.021849593495936	8.342774193548385	6.408026113671275	5.021849593495936	0.9495833970718767	0.9218079195985357	0.9461714967338956	0.9495833970718767	0.9002871896841145	0.8743632365873392	0.8603859092758857	0.9002871896841145	0.8531771614608389	0.759512937445562	0.8157452629157018	0.8531771614608389	tynk
0.9525713582677164	1.215450430900862	0.966781496062992	0.9525713582677164	1.5210625000000002	1.585348954396573	1.6010708661417323	1.5210625000000002	1.942898882113821	2.1990967741935483	1.8691756272401432	1.942898882113821	1.6832554133858268	2.596565193130387	1.7380659448818891	1.6832554133858268	4.0004375	4.357961703199798	4.393763779527561	4.0004375	6.557482215447154	8.250193548387095	5.906682027649768	6.557482215447154	0.9535999879686433	0.9284970125635509	0.9524771769138993	0.9535999879686433	0.8884787868380604	0.8794109132260418	0.8793361775302018	0.8884787868380604	0.8158948476279156	0.7710849061757277	0.8369558071883334	0.8158948476279156	tynk
1.3933316929133859	1.9158658317316637	1.4340551181102366	1.3933316929133859	2.5715625	2.849899218946839	2.4656377952755895	2.5715625	3.5212779471544713	4.169225806451613	2.837621607782899	3.5212779471544713	3.4303641732283467	6.329530659061317	3.6204478346456708	3.4303641732283467	11.263812500000006	14.152998236331577	10.645669291338578	11.263812500000006	20.680703760162594	30.328451612903223	14.166346646185362	20.680703760162594	0.9724316092219958	0.9489811735510916	0.9707824267053662	0.9724316092219958	0.9096817182416201	0.8856632095413361	0.9136960425185681	0.9096817182416201	0.8345193657234031	0.7536944910731459	0.8849707615677909	0.8345193657234031	tynk
1.3482406496062989	1.798995597991196	1.3443651574803155	1.3482406496062989	2.6858125	2.7733056185437146	2.5601259842519672	2.6858125	3.877858231707318	4.208064516129034	3.153289810547874	3.877858231707318	3.2619955708661417	5.614359228718459	3.2006643700787407	3.2619955708661417	12.251937499999997	13.158163265306127	11.042771653543303	12.251937499999997	24.656948678861795	29.604580645161295	16.693868407578094	24.656948678861795	0.9750607860052313	0.9570932485518744	0.9756005076720111	0.9750607860052313	0.9058273838753563	0.8991434525982273	0.9155893559745983	0.9058273838753563	0.8098387786056058	0.772451889722737	0.8719765372329207	0.8098387786056058	tynk
1.2735605314960634	1.8006076012152026	1.318897637795276	1.2735605314960634	2.342812500000001	2.7699042579994964	2.3274960629921257	2.342812500000001	3.295731707317073	4.3335483870967755	2.6921402969790083	3.295731707317073	2.949987696850394	5.770103540207082	3.1124507874015754	2.949987696850394	9.758687500000002	13.590262030738215	9.565165354330707	9.758687500000002	19.146214430894315	32.38141935483872	13.066564260112651	19.146214430894315	0.9778581965732828	0.9568138423130422	0.9766922200172027	0.9778581965732828	0.92682576738234	0.8986581673318602	0.9288178129368047	0.92682576738234	0.8567102883204142	0.7604543324853199	0.9031040788419199	0.8567102883204142	tynk
1.1860851377952755	1.661603323206646	1.169660433070866	1.1860851377952755	2.4267500000000006	2.6758629377677	2.267653543307087	2.4267500000000006	3.378938008130082	4.008838709677421	2.6892601126472107	3.378938008130082	2.682640255905513	5.114390228780455	2.554010826771653	2.682640255905513	10.546625000000002	12.927815570672715	9.087181102362209	10.546625000000002	19.793445121951226	27.63670967741936	12.573796722990275	19.793445121951226	0.9685806382257449	0.9399108260940374	0.9699859652125736	0.9685806382257449	0.8764221127009435	0.8476461064162963	0.8926668418255459	0.8764221127009435	0.7681652658636389	0.6726084629304896	0.8510948092976984	0.7681652658636389	tynk
1.1084522637795275	1.4194928389856782	1.1282603346456688	1.1084522637795275	1.7043749999999998	1.87408667170572	1.8020787401574805	1.7043749999999998	2.1309070121951215	2.589032258064515	2.0144009216589858	2.1309070121951215	2.1700910433070857	3.4338768677537352	2.241203248031495	2.1700910433070857	4.807124999999999	5.89361300075586	5.357228346456694	4.807124999999999	7.51708587398374	11.168129032258063	6.66173835125448	7.51708587398374	0.9457927684805617	0.9140967765113207	0.9439254666357658	0.9457927684805617	0.8797986264579323	0.8523744859853172	0.8657274680940009	0.8797986264579323	0.8118005224278256	0.7193033511866276	0.8327117805963893	0.8118005224278256	tynk
1.3186515748031498	1.7661975323950652	1.3195743110236215	1.3186515748031498	2.572812500000001	2.7244268077601412	2.5475275590551187	2.572812500000001	3.6688262195121935	4.141354838709679	3.160842293906809	3.6688262195121935	3.1839320866141727	5.518569037138076	3.168122539370078	3.1839320866141727	11.925312500000004	12.964411690602164	11.252913385826774	11.925312500000004	24.47065548780487	29.627806451612912	17.181579621095757	24.47065548780487	0.9817581335284026	0.968436241157273	0.9818816221351472	0.9817581335284026	0.9316875196112936	0.9259885582508182	0.935859165489884	0.9316875196112936	0.8598455766452207	0.8313170124078935	0.9022187364885397	0.8598455766452207	tynk
1.0082431102362206	1.4231508463016924	1.059670275590551	1.0082431102362206	1.900375	2.1919879062736203	2.0280944881889758	1.900375	2.682736280487804	3.3681290322580644	2.4498207885304666	2.682736280487804	1.971825787401574	3.8110236220472435	2.1275836614173227	1.971825787401574	6.764875	9.113000755857897	7.445039370078741	6.764875	13.219448678861786	21.068645161290327	10.856630824372763	13.219448678861786	0.9848653471148101	0.9707769609200794	0.9836721698557904	0.9848653471148101	0.9481576533327425	0.9302248416716097	0.9429767692758738	0.9481576533327425	0.8989005498222534	0.8389382410337276	0.9169629825698267	0.8989005498222534	tynk
0.9815452755905512	1.3104966209932423	1.0280511811023618	0.9815452755905512	1.5675625000000002	1.8294910556815323	1.8168188976377955	1.5675625000000002	2.062563516260162	2.728645161290323	2.1299923195084487	2.062563516260162	1.7603346456692912	3.006572013144027	1.9686269685039373	1.7603346456692912	4.1615625000000005	5.743827160493829	5.616503937007875	4.1615625000000005	7.096354166666668	12.488387096774192	7.6618663594470044	7.096354166666668	0.9609318380850401	0.9331815294186263	0.9562524995279462	0.9609318380850401	0.9076047032350596	0.8721094059014247	0.8747569458711908	0.9076047032350596	0.8423441423763369	0.7211849278380085	0.8289014420083662	0.8423441423763369	tynk
0.8788139763779522	1.144274288548577	0.9086491141732281	0.8788139763779522	1.4462499999999998	1.589821113630638	1.6738267716535433	1.4462499999999998	1.9487423780487805	2.4168387096774193	2.013376856118792	1.9487423780487805	1.4702263779527556	2.3543927087854177	1.5756028543307083	1.4702263779527556	3.7231249999999996	4.537792894935753	5.068850393700788	3.7231249999999996	6.736598069105688	10.350000000000001	7.371287762416796	6.736598069105688	0.9780410951496246	0.9648235046093776	0.9763597717852402	0.9780410951496246	0.944794657992202	0.9324684408017553	0.9243046577410622	0.944794657992202	0.9007108081837836	0.846753116978469	0.8904035809346065	0.9007108081837836	tynk
0.9675196850393699	1.2715605431210861	0.9371924212598426	0.9675196850393699	1.7265625	1.825333837238599	1.571212598425197	1.7265625	2.329966971544716	2.6270322580645153	1.8147721454173071	2.329966971544716	1.738681102362205	2.8813317626635255	1.6201402559055118	1.738681102362205	5.349687500000001	6.016061980347694	4.217385826771654	5.349687500000001	9.935530995934963	12.417225806451613	5.677547363031234	9.935530995934963	0.9473692629773416	0.9127461776111798	0.951036283673735	0.9473692629773416	0.8371042833654863	0.8169796960933406	0.8717955087727571	0.8371042833654863	0.6953683926583156	0.6189187530179826	0.8262529527792255	0.6953683926583156	tynk
0.8737081692913385	1.1736623473246948	0.9639517716535432	0.8737081692913385	1.4113749999999994	1.6033005794910558	1.7088503937007875	1.4113749999999994	1.8515625000000004	2.3401935483870973	2.0345622119815663	1.8515625000000004	1.4309178149606299	2.443424886849774	1.728961614173228	1.4309178149606299	3.442499999999998	4.515873015873017	5.085606299212598	3.442499999999998	5.912665142276425	9.681741935483874	7.232846902201741	5.912665142276425	0.9686168851021068	0.946295642155156	0.9620713069109854	0.9686168851021068	0.9242188932069055	0.9003603333619331	0.8879132601807082	0.9242188932069055	0.8693653597842856	0.7853806227370844	0.8402259642304588	0.8693653597842856	tynk
0.9136318897637798	1.2139004278008554	0.981237696850394	0.9136318897637798	1.3849999999999996	1.5629251700680271	1.6424566929133861	1.3849999999999996	1.7494283536585367	2.2112903225806453	1.88120839733743	1.7494283536585367	1.5367864173228352	2.536859073718147	1.776390255905512	1.5367864173228352	3.2734999999999994	4.17668178382464	4.619464566929135	3.2734999999999994	5.141069613821139	8.216451612903224	6.068228366615465	5.141069613821139	0.9632078410848077	0.9393429800276043	0.957680855083675	0.9632078410848077	0.9210531363889349	0.8998717957325675	0.8896828372448978	0.9210531363889349	0.8749759825635671	0.8022500271064504	0.8545772978685426	0.8749759825635671	tynk
1.3765378937007873	1.8937317874635742	1.4405142716535433	1.3765378937007873	2.6985000000000006	2.9339254220206596	2.7766929133858276	2.6985000000000006	3.8706808943089426	4.543096774193549	3.3624551971326175	3.8706808943089426	3.5132258858267713	6.474424948849898	3.8172367125984255	3.5132258858267713	13.334	15.456727135298562	14.010708661417324	13.334	27.05602134146342	36.03935483870969	20.820596518177165	27.05602134146342	0.9830995574019197	0.9689197963527337	0.9816675896024065	0.9830995574019197	0.9359252702178572	0.9259809856157325	0.9329629795015102	0.9359252702178572	0.8701184608798236	0.8281515451948749	0.9005628234885452	0.8701184608798236	tynk
1.0496432086614174	1.4620869241738486	1.1007627952755903	1.0496432086614174	1.8609375	2.128180901990426	1.8683464566929133	1.8609375	2.534743394308942	3.130903225806452	2.120135688684076	2.534743394308942	2.0519808070866143	3.827143654287309	2.2340059055118107	2.0519808070866143	6.141312500000002	8.08774250440917	6.099527559055117	6.141312500000002	11.394753556910565	17.294387096774194	7.908922171018946	11.394753556910565	0.9686955339111433	0.94152794285468	0.965971497421763	0.9686955339111433	0.9056263551591959	0.8757381446159281	0.9064361814847745	0.9056263551591959	0.8239521046467116	0.7316666563982033	0.877876120563391	0.8239521046467116	tynk
0.8313238188976377	1.0576601153202307	0.8656496062992127	0.8313238188976377	1.32875	1.390778533635677	1.4796850393700787	1.32875	1.729674796747968	1.9479354838709673	1.7442396313364057	1.729674796747968	1.3284940944881887	1.999317998635997	1.406742125984252	1.3284940944881887	3.132375	3.4271856890904515	3.8718740157480305	3.132375	5.29611280487805	6.770774193548386	5.39132104454685	5.29611280487805	0.9687539388606268	0.9529170610207575	0.9669882288548612	0.9687539388606268	0.9256669633467787	0.918878411165099	0.9085587924278827	0.9256669633467787	0.8733655422155431	0.8388541123103184	0.8719464609007216	0.8733655422155431	tynk
1.0776943897637796	1.4941409882819765	1.129675196850393	1.0776943897637796	1.8888125	2.1199924414210134	1.8822047244094489	1.8888125	2.584667174796748	3.0749032258064513	2.1368407578084994	2.584667174796748	2.1160802165354333	3.8999937999876	2.288877952755904	2.1160802165354333	6.289437500000002	8.142164273116656	6.020661417322835	6.289437500000002	11.739900914634148	16.791161290322577	7.712621607782896	11.739900914634148	0.9565306142915133	0.9198607347850606	0.9531395405443932	0.9565306142915133	0.8699924322678121	0.8320020659940102	0.876116900362982	0.8699924322678121	0.7563524892206515	0.6521408365841322	0.8406150148432947	0.7563524892206515	tynk
1.0814468503937007	1.4003968007936014	1.09867125984252	1.0814468503937007	1.6483125000000003	1.8410178886369355	1.7647244094488195	1.6483125000000003	2.0694232723577235	2.5658709677419362	1.9826548899129544	2.0694232723577235	2.082800196850394	3.387252774505549	2.2042322834645667	2.082800196850394	4.6641875000000015	5.937893675988914	5.25020472440945	4.6641875000000015	7.516323678861789	11.706258064516131	6.583141321044547	7.516323678861789	0.9602465094381073	0.9353379182223384	0.9581091139180165	0.9602465094381073	0.9101911129190117	0.8860499131695506	0.8996041385212905	0.9101911129190117	0.854271466809112	0.7739866245237484	0.8734101206678119	0.854271466809112	tynk
1.2079232283464567	1.6911773823547651	1.3029650590551183	1.2079232283464567	2.2575625000000006	2.5427059712774	2.3931968503937013	2.2575625000000006	3.1672383130081303	3.852774193548387	2.8551587301587307	3.1672383130081303	2.607898622047244	4.898815797631595	3.0641609251968513	2.607898622047244	8.4226875	11.064247921390779	10.30588976377953	8.4226875	16.489265752032527	25.670193548387093	14.913146441372252	16.489265752032527	0.9771036657030571	0.956937631002735	0.9730794836874975	0.9771036657030571	0.9260322598277005	0.9025962146393463	0.90918906742798	0.9260322598277005	0.8554849603682181	0.7732285281586445	0.8683189676827318	0.8554849603682181	tynk
0.044968011811023625	0.3928327856655716	0.38090551181102356	0.044968011811023625	0.08343750000000003	0.7278911564625837	0.7368188976377948	0.08343750000000003	0.10480182926829262	0.738903225806452	0.746543778801844	0.10480182926829262	0.32068159448818917	17.189286378572763	17.030019685039374	0.32068159448818917	0.8311875000000002	34.6647770219198	35.15546456692912	0.8311875000000002	1.1693343495934954	35.1595483870968	35.68535586277524	1.1693343495934954	0.9952450992681432	0.6617588278768117	0.664237040481078	0.9952450992681432	0.9877353055525334	-0.007700982942010008	-0.0077815313246378005	0.9877353055525334	0.9827096734375024	-0.007825047618911648	-0.007870371126271512	0.9827096734375024	laminat
1.5217150590551183	2.5512431024862043	1.9445127952755907	1.5217150590551183	3.5412500000000016	4.478647014361298	4.722141732283466	3.5412500000000016	5.3284425813008145	7.316580645161295	5.997311827956995	5.3284425813008145	5.610420767716538	16.120342240684476	9.67212106299213	5.610420767716538	27.87450000000001	44.953199798437886	48.06009448818899	27.87450000000001	57.56916920731708	102.59193548387101	72.59050179211475	57.56916920731708	0.9833045416084993	0.9520288847178915	0.9711630618694089	0.9833045416084993	0.917323645885638	0.8665103037120069	0.8570792124513665	0.917323645885638	0.8294977350312178	0.6957785553799856	0.7844899970629037	0.8294977350312178	laminat
1.3312623031496063	1.9242358484716977	1.3746924212598428	1.3312623031496063	3.001062500000002	3.2602670697908804	3.25896062992126	3.001062500000002	4.488058943089431	5.203225806451613	4.210445468509985	4.488058943089431	4.04693651574803	7.965651931303864	4.2800812007874	4.04693651574803	18.0150625	20.916099773242635	21.217007874015763	18.0150625	36.69524898373983	48.776	34.43253968253969	36.69524898373983	0.9834989121500359	0.9675725899114067	0.9826027477495385	0.9834989121500359	0.9262768437930357	0.9148705554626899	0.9139592297244489	0.9262768437930357	0.8491338499374007	0.8020052188429623	0.860513866558494	0.8491338499374007	laminat
2.1830708661417333	3.008246016492034	1.8503937007874014	2.1830708661417333	5.346124999999999	5.293461829176115	4.597858267716536	5.346124999999999	7.677654979674797	8.002064516129035	6.090437788018436	7.677654979674797	16.428887795275593	26.75801351602704	8.928026574803155	16.428887795275593	75.85462500000001	69.73639455782312	44.125039370078746	75.85462500000001	130.93070376016257	130.92322580645163	74.94399641577066	130.93070376016257	0.9552960099374938	0.9271699659347945	0.975691810324672	0.9552960099374938	0.7934933883165156	0.8100643583220162	0.8798164262166442	0.7934933883165156	0.6438613716460756	0.6430992912323293	0.7957620996659045	0.6438613716460756	laminat
1.5804625984251963	2.0579701159402313	1.4168307086614167	1.5804625984251963	3.568437500000001	3.3761022927689597	3.3517480314960655	3.568437500000001	5.312881097560974	5.239161290322581	4.457629288274452	5.312881097560974	7.707677165354332	11.011408022816042	4.68540846456693	7.707677165354332	31.5394375	26.813492063492063	23.53782677165355	31.5394375	58.99352134146343	54.97000000000002	39.44636456733233	58.99352134146343	0.9732555684657399	0.9617912134834934	0.9837277642337314	0.9732555684657399	0.8909041261914692	0.9071074525598014	0.918318803662432	0.8909041261914692	0.7967800969853093	0.8100264824907472	0.8633574260149621	0.7967800969853093	laminat
0.9312253937007864	1.5319610639221268	1.1253075787401572	0.9312253937007864	2.2213125	2.7106324011085925	2.881826771653544	2.2213125	3.3551194105691047	4.447032258064515	3.7865463389656973	3.3551194105691047	4.562499999999997	18.84834769669538	14.894131397637798	4.562499999999997	21.773062499999995	43.56626354245402	53.45719685039371	21.773062499999995	44.41571392276423	92.0516774193548	77.26094470046087	44.41571392276423	0.9935696761945357	0.9733360671008618	0.978873121332169	0.9935696761945357	0.969491929003656	0.9383395912746249	0.923815512236724	0.969491929003656	0.9381612325497573	0.8691814615533975	0.8898080381597561	0.9381612325497573	laminat
0.9061884842519682	1.4400148800297592	1.0209153543307081	0.9061884842519682	2.1503125	2.5160619803476956	2.4970708661417333	2.1503125	3.1969639227642284	4.007225806451614	3.2409754224270344	3.1969639227642284	4.540046751968501	13.39066278132555	9.48326771653543	4.540046751968501	20.49006250000001	31.102229780801206	34.63691338582675	20.49006250000001	39.11197916666667	62.47974193548387	49.464605734767034	39.11197916666667	0.9909692135140776	0.9733529675927679	0.9810998186073008	0.9909692135140776	0.9593951083048985	0.9382073862901208	0.9310621202048506	0.9593951083048985	0.9228015441216437	0.8762761765569292	0.9018052851721666	0.9228015441216437	laminat
1.6460999015748035	2.28978857957716	1.8759842519685046	1.6460999015748035	3.7008125000000005	3.74244142101285	4.583748031496065	3.7008125000000005	5.486153455284555	5.8561290322580675	5.877496159754227	5.486153455284555	6.4994463582677175	12.187612375224752	9.3763533464567	6.4994463582677175	30.613312500000006	31.1797052154195	49.08340157480318	30.613312500000006	62.47040142276427	69.70722580645162	75.27291346646184	62.47040142276427	0.9795470759986513	0.9616671183922149	0.9704884527045955	0.9795470759986513	0.9035983296992995	0.9019738292210203	0.8456300837654769	0.9035983296992995	0.8028026871906286	0.7805149088006323	0.7630069367714757	0.8028026871906286	laminat
1.6746432086614167	1.9946679893359796	1.2528912401574799	1.6746432086614167	3.9509375	3.335789871504156	3.205291338582678	3.9509375	5.879001524390245	4.968451612903226	4.439516129032259	5.879001524390245	7.6067298228346445	9.36065472130944	3.1852239173228334	7.6067298228346445	37.1463125	24.795729402872254	20.426330708661432	37.1463125	72.62696900406507	49.01903225806451	39.7192140296979	72.62696900406507	0.97269721211613	0.9663985451230529	0.9886097934510091	0.97269721211613	0.8657997667635884	0.9106724605800335	0.9267184070444819	0.8657997667635884	0.7367483144355098	0.8229751279768118	0.8570529271707282	0.7367483144355098	laminat
1.8215428149606299	2.6048732097464216	1.6983267716535437	1.8215428149606299	4.480875	4.659989921894686	4.222803149606299	4.480875	6.6230309959349585	7.312387096774192	5.450844854070665	6.6230309959349585	10.894008366141728	18.724657449314904	7.788877952755906	10.894008366141728	52.24212499999997	51.18442932728647	41.08415748031498	52.24212499999997	95.04388973577235	104.9281290322581	65.39029697900668	95.04388973577235	0.9612521658541202	0.9333614401629661	0.9724074206983109	0.9612521658541202	0.8126365704602715	0.8169476873788527	0.8537684040781492	0.8126365704602715	0.6567725094205678	0.6234135585508843	0.7663466578529353	0.6567725094205678	laminat
1.8136687992125975	2.4717589435178873	1.6154650590551176	1.8136687992125975	4.427374999999999	4.276077097505669	3.7324094488188964	4.427374999999999	6.795541158536587	6.625225806451617	4.8826164874551985	6.795541158536587	8.447157972440944	14.549259098518203	6.554318405511814	8.447157972440944	44.507499999999986	40.01694381456287	30.598803149606294	44.507499999999986	93.7063643292683	85.22587096774195	49.918330773169494	93.7063643292683	0.9764340316337657	0.9593541645407732	0.9817557911714299	0.9764340316337657	0.8750350572886523	0.8876981100406132	0.914372214886382	0.8750350572886523	0.7356164675128392	0.7594450641119571	0.8596986446387425	0.7356164675128392	laminat
1.6613558070866141	2.61218922437845	2.0845226377952755	1.6613558070866141	3.785125	4.505605946082136	5.030110236220474	3.785125	5.740027947154473	7.3610322580645215	6.381016385048646	5.740027947154473	6.156557578740157	15.173786347572701	11.17937992125984	6.156557578740157	29.528749999999995	40.96491559586797	55.546645669291365	29.528749999999995	63.757050304878064	98.09135483870975	82.70090885816691	63.757050304878064	0.980682072820332	0.9523954121865877	0.9649482438148	0.980682072820332	0.9072839570281274	0.8713847875590951	0.8256301914169374	0.9072839570281274	0.7998711629384768	0.6913094849982614	0.739958149983424	0.7998711629384768	laminat
1.5219611220472429	2.098208196416392	1.4198449803149609	1.5219611220472429	3.555437499999999	3.6180398085160004	3.402645669291339	3.555437499999999	5.384146341463413	5.7243870967741985	4.423963133640555	5.384146341463413	6.116080216535431	11.15667431334863	5.536478838582678	6.116080216535431	30.274562500000002	31.20244394053919	28.186141732283474	30.274562500000002	62.094639227642276	70.29845161290325	45.20122887864826	62.094639227642276	0.9800846052660401	0.9637189896731414	0.9820083411388395	0.9800846052660401	0.9012002002454925	0.8985585110431242	0.9085763918501428	0.9012002002454925	0.7968306653141384	0.7717078371102621	0.8534295162133793	0.7968306653141384	laminat
1.8063484251968498	2.657635315270632	1.6937130905511812	1.8063484251968498	4.330249999999999	4.636243386243388	3.714141732283465	4.330249999999999	6.558244410569105	7.085419354838711	4.692396313364056	6.558244410569105	8.664124015748031	17.474548949097905	6.758181594488188	8.664124015748031	43.552499999999995	47.514172335600925	26.7016062992126	43.552499999999995	86.6413236788618	94.64658064516128	40.50038402457759	86.6413236788618	0.9691220257549402	0.9375879120704762	0.9759071360965839	0.9691220257549402	0.8443397303970439	0.8296138474081575	0.904186034136247	0.8443397303970439	0.6897866943785534	0.6587516801120363	0.8541719340320499	0.6897866943785534	laminat
1.5437992125984248	2.390972781945564	1.822527066929134	1.5437992125984248	3.4931249999999987	4.0256361803980845	4.137259842519686	3.4931249999999987	5.251905487804878	6.286580645161286	5.1772273425499264	5.251905487804878	5.189222440944881	12.703453406906815	7.774913877952758	5.189222440944881	24.51125	33.5396195515243	34.947212598425196	24.51125	52.59717987804877	73.8176774193548	52.05907578084999	52.59717987804877	0.9821946421214695	0.9561848419627786	0.9731050890456262	0.9821946421214695	0.9164160517913339	0.8841863441058079	0.8785386547704339	0.9164160517913339	0.8216135726143412	0.744386648584673	0.8191094331023505	0.8216135726143412	laminat
1.7140132874015745	2.5675491350982718	1.811146653543307	1.7140132874015745	4.26975	4.525510204081634	4.481007874015752	4.26975	6.389926321138214	7.071290322580649	5.7876984126984174	6.389926321138214	9.314899114173228	18.478020956041913	9.872170275590552	9.314899114173228	48.51212500000002	50.663076341647766	51.52163779527562	48.51212500000002	93.18692835365853	104.61438709677424	79.15034562211984	93.18692835365853	0.9749542222238231	0.9503169183923105	0.9734541593270685	0.9749542222238231	0.8696255615394618	0.8638114085410395	0.8615563301300001	0.8696255615394618	0.7499682766013857	0.718768449303299	0.7871795864321429	0.7499682766013857	laminat
1.5782480314960632	2.2718085436170874	1.546505905511811	1.5782480314960632	3.8068125000000013	3.9685689090451	3.711874015748032	3.8068125000000013	5.885797764227642	6.319354838709681	4.767153097798259	5.885797764227642	8.086614173228348	15.855539711079425	7.269192913385831	8.086614173228348	42.0771875	45.054736709498606	36.389921259842524	42.0771875	88.45426829268294	101.63264516129045	56.18817204301076	88.45426829268294	0.9841157823971161	0.9688935421827063	0.9857604981129421	0.9841157823971161	0.9169770932917825	0.9115195386996814	0.92879802562454	0.9169770932917825	0.8244293874634667	0.800290877220421	0.8900570339339912	0.8244293874634667	laminat
1.785310039370079	2.3447826895653794	1.5882135826771648	1.785310039370079	4.283812499999998	4.01360544217687	3.8207874015748033	4.283812499999998	6.493521341463415	6.219677419354841	5.030337941628268	6.493521341463415	8.452140748031498	13.05319610639221	6.655880905511812	8.452140748031498	41.60843749999998	34.99735449735451	35.463496062992135	41.60843749999998	83.57088414634148	75.19012903225811	57.58269329237071	83.57088414634148	0.9724001037414175	0.9573809768091356	0.9782940120301645	0.9724001037414175	0.8634246710270077	0.8854579242831825	0.8840757956972333	0.8634246710270077	0.7242872113015961	0.7530348443609949	0.8111044021980045	0.7242872113015961	laminat
1.6031003937007864	2.100998201996404	1.5169783464566935	1.6031003937007864	3.7939374999999997	3.550642479213909	3.8671496062992152	3.7939374999999997	5.71189024390244	5.508580645161293	5.207245263696877	5.71189024390244	7.136072834645668	10.346146692293386	5.7268700787401565	7.136072834645668	35.757937499999976	27.44923154446964	34.32812598425198	35.757937499999976	72.07240853658539	58.70819354838712	59.94303635432669	72.07240853658539	0.9800763886851541	0.9711642114039234	0.9840470522885276	0.9800763886851541	0.9000745594872219	0.9236218808207574	0.904681851415134	0.9000745594872219	0.7983942304730216	0.8371172647289776	0.8337359334560133	0.7983942304730216	laminat
1.5762795275590564	2.1246202492404995	1.5287278543307086	1.5762795275590564	3.7095	3.661249685059211	3.6812598425196867	3.7095	5.640370934959349	5.824451612903227	4.751792114695341	5.640370934959349	6.0787401574803175	9.820571641143282	5.928334153543305	6.0787401574803175	29.722625000000004	26.635550516502917	31.81026771653544	29.722625000000004	62.051956300813025	61.07580645161293	50.551715309779844	62.051956300813025	0.9749695448518296	0.9595795101177957	0.9755975560238771	0.9749695448518296	0.8776910900964509	0.8903956002500365	0.8689966880243941	0.8776910900964509	0.74499645296111	0.74863029063425	0.791690232397751	0.74499645296111	laminat
1.3617125984251972	2.2816665633331263	1.9719488188976377	1.3617125984251972	2.8964375000000007	3.8040438397581258	4.8885669291338605	2.8964375000000007	4.273755081300813	6.278387096774196	6.289874551971328	4.273755081300813	3.8821358267716546	13.347820695641394	11.917937992125985	3.8821358267716546	15.825812500000003	34.953955656336625	59.34891338582676	15.825812500000003	33.188008130081286	84.4017419354839	87.91711469534052	33.188008130081286	0.9840547606496369	0.945427407445265	0.9513556392265015	0.9840547606496369	0.9349027273625653	0.8576052702803506	0.7594983095232215	0.9349027273625653	0.8635473740385662	0.6587830430317483	0.6448806210472084	0.8635473740385662	laminat
1.3168061023622053	2.208320416640833	1.7373892716535433	1.3168061023622053	2.7286250000000005	3.7178760393046115	3.9875275590551187	2.7286250000000005	4.071455792682925	6.160451612903228	5.0094726062468	4.071455792682925	3.421136811023623	11.19027838055676	7.6515132874015785	3.421136811023623	13.815999999999999	30.53873771730915	35.569637795275604	13.815999999999999	29.77419969512195	76.83490322580649	53.23092677931388	29.77419969512195	0.9896864400034013	0.9662611445734286	0.9769783509963283	0.9896864400034013	0.9581846603945773	0.9077221630254164	0.8927125068846075	0.9581846603945773	0.9095965809438276	0.7674240637476609	0.839040662816354	0.9095965809438276	laminat
1.2295152559055118	1.8399156798313587	1.4162155511811019	1.2295152559055118	2.5950625000000005	3.0306752330561846	3.1099212598425208	2.5950625000000005	3.8758257113821135	4.867483870967742	3.8405017921146967	3.8758257113821135	2.980499507874016	7.013082026164049	4.380167322834646	2.980499507874016	12.490937499999996	18.28615520282187	19.24724409448819	12.490937499999996	26.6912474593496	43.38735483870968	28.394393241167453	26.6912474593496	0.9846186914085343	0.9638681065667389	0.9773863732379663	0.9846186914085343	0.9357730983734481	0.9061358887599203	0.9010979486228025	0.9357730983734481	0.862943196966446	0.7781752167218783	0.854535917526874	0.862943196966446	laminat
1.3563607283464565	1.9657139314278629	1.6518208661417324	1.3563607283464565	2.8830625	3.2134038800705467	4.041385826771655	2.8830625	4.294461382113823	5.2187741935483904	5.201484895033285	4.294461382113823	3.7878321850393712	8.2748465496931	6.186023622047246	3.7878321850393712	15.6881875	20.586545729402875	31.394834645669285	15.6881875	33.127667682926834	48.54367741935488	49.25140809011777	33.127667682926834	0.9795781572417154	0.9553462791688436	0.9667817543473384	0.9795781572417154	0.9146811940673341	0.888296842853911	0.8303906426616474	0.9146811940673341	0.8184774977652216	0.7350929082267471	0.7326395528158657	0.8184774977652216	laminat
1.2268700787401572	1.9082398164796337	1.4427903543307092	1.2268700787401572	2.577687500000001	3.252078609221466	3.20308661417323	2.577687500000001	3.8593749999999996	5.335225806451616	4.005952380952383	3.8593749999999996	2.8457185039370088	6.988777977555957	4.397022637795276	2.8457185039370088	11.7123125	19.01914840010078	20.098708661417326	11.7123125	25.22573678861788	48.264774193548384	30.127432155657974	25.22573678861788	0.985046224333558	0.9633367226972912	0.977015117928328	0.985046224333558	0.9379321784226238	0.9000346755040146	0.8950398028365071	0.9379321784226238	0.8651158723267449	0.7463491992343655	0.8423262002267528	0.8651158723267449	laminat
1.480314960629921	2.254076508153017	1.7010334645669283	1.480314960629921	2.978875000000001	3.6763668430335095	3.5795905511811035	2.978875000000001	4.349402947154471	5.909290322580647	4.428635432667695	4.349402947154471	4.262303149606296	10.664889329778662	6.422367125984253	4.262303149606296	16.669999999999998	27.525069286974052	25.692220472440958	16.669999999999998	35.2089049796748	65.25187096774197	37.35208653353817	35.2089049796748	0.9835636421602277	0.9587832676769394	0.9751802053659478	0.9835636421602277	0.9358007443021719	0.8933038542605728	0.9000162276304	0.9358007443021719	0.8646216736443358	0.7452720260693941	0.8542521700602753	0.8646216736443358	laminat
1.5390624999999998	2.2936945873891754	1.5978100393700787	1.5390624999999998	3.4533125000000005	3.897455278407661	3.4596535433070885	3.4533125000000005	5.297192581300814	6.139677419354841	4.273169482846903	5.297192581300814	5.005105807086613	11.034472068944137	5.838090551181102	5.005105807086613	22.963562500000002	29.767825648778036	25.657700787401588	22.963562500000002	50.35461128048781	68.33774193548392	38.131976446492594	50.35461128048781	0.9823098679338431	0.9609385529678328	0.9793233850061827	0.9823098679338431	0.9188959968576869	0.8945713644212283	0.909026640923389	0.9188959968576869	0.8222133915049077	0.7580380828546572	0.8649031788484521	0.8222133915049077	laminat
1.384965551181102	2.293508587017174	1.8111466535433067	1.384965551181102	2.7173125000000007	3.76782564877803	3.9154015748031523	2.7173125000000007	3.928798272357723	5.999935483870968	4.780337941628265	3.928798272357723	3.7987204724409436	11.729927459854922	8.075172244094484	3.7987204724409436	14.041562500000005	29.87629125724364	32.62129133858269	14.041562500000005	28.408727134146343	67.86483870967743	45.72209421402971	28.408727134146343	0.9837208288485596	0.9498712706947827	0.9655513271296525	0.9837208288485596	0.9396853977724945	0.8725695646043925	0.8615755215455372	0.9396853977724945	0.8778786081816876	0.7124449287042864	0.8065033658061328	0.8778786081816876	laminat
1.2132135826771653	1.6890073780147563	1.4320250984251968	1.2132135826771653	2.4309374999999993	2.644998740236836	3.3018582677165353	2.4309374999999993	3.6195376016260163	4.190258064516129	4.221134152585766	3.6195376016260163	2.8756151574803144	5.384214768429537	4.335076279527561	2.8756151574803144	11.1226875	12.707482993197283	21.203338582677166	11.1226875	23.91717479674797	30.58845161290322	33.667498719918086	23.91717479674797	0.9859071966170234	0.9735429703480627	0.978862483613678	0.9859071966170234	0.9446728955620065	0.9368849906991267	0.8951351298575592	0.9446728955620065	0.8794562601895513	0.8453186251453165	0.8313662973201187	0.8794562601895513	laminat
1.172736220472441	2.0492900985801974	1.6891609251968507	1.172736220472441	2.3463749999999997	3.4299571680524075	3.9129448818897647	2.3463749999999997	3.417428861788618	5.653354838709679	4.895353302611369	3.417428861788618	2.6423474409448833	9.106268212536424	6.690514271653544	2.6423474409448833	9.919749999999999	24.745275888133037	31.746015748031514	9.919749999999999	20.700965447154484	63.395161290322584	47.50390424987201	20.700965447154484	0.9920847224360728	0.972717415967	0.9800084017713168	0.9920847224360728	0.9701334762534697	0.9256199630180779	0.9046699941624599	0.9701334762534697	0.9373658314997328	0.8084538121507391	0.8566715069607974	0.9373658314997328	laminat
